{
  "__type__": "cc.SpriteFrame",
  "content": {
    "name": "Dialog",
    "atlas": "",
    "rect": {
      "x": 1078,
      "y": 539,
      "width": 1458,
      "height": 709
    },
    "offset": {
      "x": -393,
      "y": 706.5
    },
    "originalSize": {
      "width": 4400,
      "height": 3200
    },
    "rotated": false,
    "capInsets": [
      0,
      0,
      0,
      0
    ],
    "vertices": {
      "rawPosition": [
        -729,
        -354.5,
        0,
        729,
        -354.5,
        0,
        -729,
        354.5,
        0,
        729,
        354.5,
        0
      ],
      "indexes": [
        0,
        1,
        2,
        2,
        1,
        3
      ],
      "uv": [
        1078,
        2661,
        2536,
        2661,
        1078,
        1952,
        2536,
        1952
      ],
      "nuv": [
        0.245,
        0.61,
        0.5763636363636364,
        0.61,
        0.245,
        0.8315625,
        0.5763636363636364,
        0.8315625
      ],
      "minPos": {
        "x": -729,
        "y": -354.5,
        "z": 0
      },
      "maxPos": {
        "x": 729,
        "y": 354.5,
        "z": 0
      }
    },
    "texture": "7e68fe32-1852-4ce9-990c-ac8d3884cfa4@6c48a",
    "packable": true,
    "pixelsToUnit": 100,
    "pivot": {
      "x": 0.5,
      "y": 0.5
    },
    "meshType": 0
  }
}