{
  "__type__": "cc.SpriteFrame",
  "content": {
    "name": "Tree",
    "atlas": "",
    "rect": {
      "x": 1230,
      "y": 1680,
      "width": 595,
      "height": 752
    },
    "offset": {
      "x": -672.5,
      "y": -456
    },
    "originalSize": {
      "width": 4400,
      "height": 3200
    },
    "rotated": false,
    "capInsets": [
      0,
      0,
      0,
      0
    ],
    "vertices": {
      "rawPosition": [
        -297.5,
        -376,
        0,
        297.5,
        -376,
        0,
        -297.5,
        376,
        0,
        297.5,
        376,
        0
      ],
      "indexes": [
        0,
        1,
        2,
        2,
        1,
        3
      ],
      "uv": [
        1230,
        1520,
        1825,
        1520,
        1230,
        768,
        1825,
        768
      ],
      "nuv": [
        0.27954545454545454,
        0.24,
        0.4147727272727273,
        0.24,
        0.27954545454545454,
        0.475,
        0.4147727272727273,
        0.475
      ],
      "minPos": {
        "x": -297.5,
        "y": -376,
        "z": 0
      },
      "maxPos": {
        "x": 297.5,
        "y": 376,
        "z": 0
      }
    },
    "texture": "4325b73d-d288-4341-893a-66b8b96c4172@6c48a",
    "packable": true,
    "pixelsToUnit": 100,
    "pivot": {
      "x": 0.5,
      "y": 0.5
    },
    "meshType": 0
  }
}