{
  "__type__": "cc.SpriteFrame",
  "content": {
    "name": "Map",
    "atlas": "",
    "rect": {
      "x": 1249,
      "y": 1260,
      "width": 736,
      "height": 722
    },
    "offset": {
      "x": -583,
      "y": -21
    },
    "originalSize": {
      "width": 4400,
      "height": 3200
    },
    "rotated": false,
    "capInsets": [
      0,
      0,
      0,
      0
    ],
    "vertices": {
      "rawPosition": [
        -368,
        -361,
        0,
        368,
        -361,
        0,
        -368,
        361,
        0,
        368,
        361,
        0
      ],
      "indexes": [
        0,
        1,
        2,
        2,
        1,
        3
      ],
      "uv": [
        1249,
        1940,
        1985,
        1940,
        1249,
        1218,
        1985,
        1218
      ],
      "nuv": [
        0.2838636363636364,
        0.380625,
        0.4511363636363636,
        0.380625,
        0.2838636363636364,
        0.60625,
        0.4511363636363636,
        0.60625
      ],
      "minPos": {
        "x": -368,
        "y": -361,
        "z": 0
      },
      "maxPos": {
        "x": 368,
        "y": 361,
        "z": 0
      }
    },
    "texture": "779d90cb-abfe-4989-9d34-805aa2f8d865@6c48a",
    "packable": true,
    "pixelsToUnit": 100,
    "pivot": {
      "x": 0.5,
      "y": 0.5
    },
    "meshType": 0
  }
}