{
  "__type__": "cc.SpriteFrame",
  "content": {
    "name": "House",
    "atlas": "",
    "rect": {
      "x": 1637,
      "y": 1329,
      "width": 442,
      "height": 415
    },
    "offset": {
      "x": -342,
      "y": 63.5
    },
    "originalSize": {
      "width": 4400,
      "height": 3200
    },
    "rotated": false,
    "capInsets": [
      0,
      0,
      0,
      0
    ],
    "vertices": {
      "rawPosition": [
        -221,
        -207.5,
        0,
        221,
        -207.5,
        0,
        -221,
        207.5,
        0,
        221,
        207.5,
        0
      ],
      "indexes": [
        0,
        1,
        2,
        2,
        1,
        3
      ],
      "uv": [
        1637,
        1871,
        2079,
        1871,
        1637,
        1456,
        2079,
        1456
      ],
      "nuv": [
        0.37204545454545457,
        0.455,
        0.4725,
        0.455,
        0.37204545454545457,
        0.5846875,
        0.4725,
        0.5846875
      ],
      "minPos": {
        "x": -221,
        "y": -207.5,
        "z": 0
      },
      "maxPos": {
        "x": 221,
        "y": 207.5,
        "z": 0
      }
    },
    "texture": "3efb5341-d670-4d64-9cb1-1b691311aaa2@6c48a",
    "packable": true,
    "pixelsToUnit": 100,
    "pivot": {
      "x": 0.5,
      "y": 0.5
    },
    "meshType": 0
  }
}