{
  "__type__": "cc.SpriteFrame",
  "content": {
    "name": "Road",
    "atlas": "",
    "rect": {
      "x": 760,
      "y": 1722,
      "width": 2880,
      "height": 1026
    },
    "offset": {
      "x": 0,
      "y": -635
    },
    "originalSize": {
      "width": 4400,
      "height": 3200
    },
    "rotated": false,
    "capInsets": [
      0,
      0,
      0,
      0
    ],
    "vertices": {
      "rawPosition": [
        -1440,
        -513,
        0,
        1440,
        -513,
        0,
        -1440,
        513,
        0,
        1440,
        513,
        0
      ],
      "indexes": [
        0,
        1,
        2,
        2,
        1,
        3
      ],
      "uv": [
        760,
        1478,
        3640,
        1478,
        760,
        452,
        3640,
        452
      ],
      "nuv": [
        0.17272727272727273,
        0.14125,
        0.8272727272727273,
        0.14125,
        0.17272727272727273,
        0.461875,
        0.8272727272727273,
        0.461875
      ],
      "minPos": {
        "x": -1440,
        "y": -513,
        "z": 0
      },
      "maxPos": {
        "x": 1440,
        "y": 513,
        "z": 0
      }
    },
    "texture": "2b8b7f1a-3888-4896-a5c5-18815f8c218f@6c48a",
    "packable": true,
    "pixelsToUnit": 100,
    "pivot": {
      "x": 0.5,
      "y": 0.5
    },
    "meshType": 0
  }
}