{
  "__type__": "cc.SpriteFrame",
  "content": {
    "name": "Characters",
    "atlas": "",
    "rect": {
      "x": 2222,
      "y": 1250,
      "width": 826,
      "height": 765
    },
    "offset": {
      "x": 435,
      "y": -32.5
    },
    "originalSize": {
      "width": 4400,
      "height": 3200
    },
    "rotated": false,
    "capInsets": [
      0,
      0,
      0,
      0
    ],
    "vertices": {
      "rawPosition": [
        -413,
        -382.5,
        0,
        413,
        -382.5,
        0,
        -413,
        382.5,
        0,
        413,
        382.5,
        0
      ],
      "indexes": [
        0,
        1,
        2,
        2,
        1,
        3
      ],
      "uv": [
        2222,
        1950,
        3048,
        1950,
        2222,
        1185,
        3048,
        1185
      ],
      "nuv": [
        0.505,
        0.3703125,
        0.6927272727272727,
        0.3703125,
        0.505,
        0.609375,
        0.6927272727272727,
        0.609375
      ],
      "minPos": {
        "x": -413,
        "y": -382.5,
        "z": 0
      },
      "maxPos": {
        "x": 413,
        "y": 382.5,
        "z": 0
      }
    },
    "texture": "ad89f855-101c-427a-968b-94f09513f926@6c48a",
    "packable": true,
    "pixelsToUnit": 100,
    "pivot": {
      "x": 0.5,
      "y": 0.5
    },
    "meshType": 0
  }
}