{
  "__type__": "cc.SpriteFrame",
  "content": {
    "name": "Well",
    "atlas": "",
    "rect": {
      "x": 2420,
      "y": 1671,
      "width": 385,
      "height": 280
    },
    "offset": {
      "x": 412.5,
      "y": -211
    },
    "originalSize": {
      "width": 4400,
      "height": 3200
    },
    "rotated": false,
    "capInsets": [
      0,
      0,
      0,
      0
    ],
    "vertices": {
      "rawPosition": [
        -192.5,
        -140,
        0,
        192.5,
        -140,
        0,
        -192.5,
        140,
        0,
        192.5,
        140,
        0
      ],
      "indexes": [
        0,
        1,
        2,
        2,
        1,
        3
      ],
      "uv": [
        2420,
        1529,
        2805,
        1529,
        2420,
        1249,
        2805,
        1249
      ],
      "nuv": [
        0.55,
        0.3903125,
        0.6375,
        0.3903125,
        0.55,
        0.4778125,
        0.6375,
        0.4778125
      ],
      "minPos": {
        "x": -192.5,
        "y": -140,
        "z": 0
      },
      "maxPos": {
        "x": 192.5,
        "y": 140,
        "z": 0
      }
    },
    "texture": "bb9f88f3-9107-475e-9447-4d299110f0d6@6c48a",
    "packable": true,
    "pixelsToUnit": 100,
    "pivot": {
      "x": 0.5,
      "y": 0.5
    },
    "meshType": 0
  }
}